Model,k,BT_LogLik,AIC,BIC
HPPP,1,-22466.425189579146,44934.85037915829,44939.565762544626
Constant NN,1,-22466.423828125,44934.84765625,44939.563039636334
Linear IPPP,9,-21890.59765625,43799.1953125,43841.63376297701
Nonlinear IPPP,161,-21102.6015625,42527.203125,43286.37985019988
