grid_n_per_dim,n_cells,HPPP_BT_LogLik,Constant_BT_LogLik,Linear_BT_LogLik,Linear_AIC,Linear_BIC,LR_Linear_vs_HPPP,LR_p_value,beta_x,beta_y,beta_canopy_median,beta_nc_usgs30m_match_tcc,beta_distance_to_waterbody_m,beta_distance_to_coastline_m,beta_sin_doy,beta_cos_doy,beta_0
50,2500,-22466.425189579146,-22466.42578125,-21881.14453125,43780.2890625,43822.72751297701,1170.5613166582916,2.197905257513779e-247,-0.74651444,0.27515444,-0.05438597,0.28931934,-0.039811715,-0.10214144,-0.25065473,-1.2828329,-26.240388870239258
75,5625,-22466.425189579146,-22466.423828125,-21881.927734375,43781.85546875,43824.29391922701,1168.9949104082916,4.790800743808488e-247,-0.8193103,0.2666472,-0.115276635,0.21017423,0.0055414923,-0.10599286,-0.25065565,-1.2828332,-26.24045181274414
100,10000,-22466.425189579146,-22466.423828125,-21890.58203125,43799.1640625,43841.60251297701,1151.6863166582916,2.627361330341366e-243,-0.7613447,0.2650365,0.019066604,0.18106735,-0.0022762201,-0.082535736,-0.250656,-1.2828326,-26.252042770385742
150,22500,-22466.425189579146,-22466.419921875,-21882.3671875,43782.734375,43825.17282547701,1168.1160041582916,7.417916102683168e-247,-0.8596746,0.27454147,-0.13813715,0.1870204,-0.0012461648,-0.11514953,-0.25065517,-1.2828324,-26.240697860717773
200,40000,-22466.425189579146,-22466.427734375,-21889.998046875,43797.99609375,43840.43454422701,1152.8542854082916,1.469660256399372e-243,-0.82212377,0.2704103,-0.06346291,0.17957981,-0.0010495442,-0.10541603,-0.2506567,-1.2828323,-26.24313735961914
