{
  "dataset_dir": "data\\ebird\\locality_season_top100",
  "output_dir": "tmp\\locality_season_baseline_smoke",
  "test_season_year": 2023,
  "include_inadequate": false,
  "include_coordinates": false,
  "rows": {
    "train": 16000,
    "test": 3600,
    "unused": 400
  },
  "trials": {
    "train": 187300,
    "test": 59600
  },
  "models": {
    "train_prevalence": {
      "rows": 3600,
      "trials": 59600,
      "detections": 9774,
      "observed_detection_rate": 0.16399328859060402,
      "mean_predicted_detection_rate": 0.15691199958208016,
      "calibration_error": 0.007081289008523867,
      "weighted_bce": 0.3344992461108412,
      "weighted_mae_rate": 0.12386276526508647,
      "positive_triplet_auroc": 0.7827948633808337,
      "positive_triplet_auprc": 0.7168276246932807
    },
    "availability": {
      "rows": 3600,
      "trials": 59600,
      "detections": 9774,
      "observed_detection_rate": 0.16399328859060402,
      "mean_predicted_detection_rate": 0.1595419974131322,
      "calibration_error": 0.004451291177471811,
      "weighted_bce": 0.32531986948299996,
      "weighted_mae_rate": 0.11883621570591708,
      "positive_triplet_auroc": 0.8005703776529951,
      "positive_triplet_auprc": 0.7372516700799878
    },
    "effort": {
      "rows": 3600,
      "trials": 59600,
      "detections": 9774,
      "observed_detection_rate": 0.16399328859060402,
      "mean_predicted_detection_rate": 0.1613831287869815,
      "calibration_error": 0.0026101598036225304,
      "weighted_bce": 0.32786742527967033,
      "weighted_mae_rate": 0.12088777382006469,
      "positive_triplet_auroc": 0.792672940005043,
      "positive_triplet_auprc": 0.7251666429010949
    },
    "combined": {
      "rows": 3600,
      "trials": 59600,
      "detections": 9774,
      "observed_detection_rate": 0.16399328859060402,
      "mean_predicted_detection_rate": 0.16386170518196042,
      "calibration_error": 0.00013158340864360962,
      "weighted_bce": 0.31966082447894845,
      "weighted_mae_rate": 0.1159645160742244,
      "positive_triplet_auroc": 0.808583101660349,
      "positive_triplet_auprc": 0.7442041632372995
    }
  },
  "features": {
    "availability": {
      "feature_names": [
        "season_early_breeding",
        "season_fall_migration",
        "season_late_breeding",
        "season_spring_migration",
        "season_winter",
        "season_year",
        "canopy_median",
        "elevation_median",
        "distance_to_waterbody_m_median",
        "distance_to_coastline_m_median"
      ],
      "feature_mean": [
        0.17499999701976776,
        0.23749999701976776,
        0.11249999701976776,
        0.17499999701976776,
        0.30000001192092896,
        2020.750244140625,
        42.115623474121094,
        298.0778503417969,
        8.712485313415527,
        11.869750022888184
      ],
      "feature_std": [
        0.3799668550491333,
        0.4255363345146179,
        0.3159899413585663,
        0.37996357679367065,
        0.458276629447937,
        0.8495941758155823,
        28.53556251525879,
        274.4693298339844,
        2.288811206817627,
        1.8786994218826294
      ]
    },
    "effort": {
      "feature_names": [
        "n_dates",
        "unique_observers",
        "duration_mean",
        "duration_median",
        "duration_p90",
        "effort_distance_mean",
        "effort_distance_median",
        "effort_distance_p90",
        "number_observers_mean",
        "stationary_rate",
        "traveling_rate",
        "duration_bin_count",
        "protocol_count"
      ],
      "feature_mean": [
        2.0665767192840576,
        1.1380500793457031,
        3.9270071983337402,
        3.8366410732269287,
        4.3420634269714355,
        0.6084803342819214,
        0.5617793202400208,
        0.8375902771949768,
        0.8278458118438721,
        0.3510415852069855,
        0.648956298828125,
        3.018749952316284,
        1.4187500476837158
      ],
      "feature_std": [
        0.7279367446899414,
        0.6076574921607971,
        0.6199457049369812,
        0.6775082945823669,
        0.6455451250076294,
        0.5111682415008545,
        0.521476149559021,
        0.628994345664978,
        0.21857868134975433,
        0.3934866189956665,
        0.3934865891933441,
        0.8836867809295654,
        0.49334704875946045
      ]
    },
    "combined": {
      "feature_names": [
        "season_early_breeding",
        "season_fall_migration",
        "season_late_breeding",
        "season_spring_migration",
        "season_winter",
        "season_year",
        "canopy_median",
        "elevation_median",
        "distance_to_waterbody_m_median",
        "distance_to_coastline_m_median",
        "n_dates",
        "unique_observers",
        "duration_mean",
        "duration_median",
        "duration_p90",
        "effort_distance_mean",
        "effort_distance_median",
        "effort_distance_p90",
        "number_observers_mean",
        "stationary_rate",
        "traveling_rate",
        "duration_bin_count",
        "protocol_count"
      ],
      "feature_mean": [
        0.17499999701976776,
        0.23749999701976776,
        0.11249999701976776,
        0.17499999701976776,
        0.30000001192092896,
        2020.750244140625,
        42.115623474121094,
        298.0778503417969,
        8.712485313415527,
        11.869750022888184,
        2.0665767192840576,
        1.1380500793457031,
        3.9270071983337402,
        3.8366410732269287,
        4.3420634269714355,
        0.6084803342819214,
        0.5617793202400208,
        0.8375902771949768,
        0.8278458118438721,
        0.3510415852069855,
        0.648956298828125,
        3.018749952316284,
        1.4187500476837158
      ],
      "feature_std": [
        0.3799668550491333,
        0.4255363345146179,
        0.3159899413585663,
        0.37996357679367065,
        0.458276629447937,
        0.8495941758155823,
        28.53556251525879,
        274.4693298339844,
        2.288811206817627,
        1.8786994218826294,
        0.7279367446899414,
        0.6076574921607971,
        0.6199457049369812,
        0.6775082945823669,
        0.6455451250076294,
        0.5111682415008545,
        0.521476149559021,
        0.628994345664978,
        0.21857868134975433,
        0.3934866189956665,
        0.3934865891933441,
        0.8836867809295654,
        0.49334704875946045
      ]
    }
  }
}