model,rows,trials,detections,observed_detection_rate,mean_predicted_detection_rate,calibration_error,weighted_bce,weighted_mae_rate,positive_triplet_auroc,positive_triplet_auprc
train_prevalence,3600,59600,9774,0.16399328859060402,0.15691199958208016,0.007081289008523867,0.3344992461108412,0.12386276526508647,0.7827948633808337,0.7168276246932807
availability,3600,59600,9774,0.16399328859060402,0.1595419974131322,0.004451291177471811,0.32531986948299996,0.11883621570591708,0.8005703776529951,0.7372516700799878
effort,3600,59600,9774,0.16399328859060402,0.1613831287869815,0.0026101598036225304,0.32786742527967033,0.12088777382006469,0.792672940005043,0.7251666429010949
combined,3600,59600,9774,0.16399328859060402,0.16386170518196042,0.00013158340864360962,0.31966082447894845,0.1159645160742244,0.808583101660349,0.7442041632372995
