grid_n_per_dim,n_cells,HPPP_BT_LogLik,Constant_BT_LogLik,Linear_BT_LogLik,Linear_AIC,Linear_BIC,LR_Linear_vs_HPPP,LR_p_value,beta_x,beta_y,beta_canopy_median,beta_nc_usgs30m_match_tcc,beta_distance_to_waterbody_m,beta_distance_to_coastline_m,beta_sin_doy,beta_cos_doy,beta_0
50,2500,-22466.425189579146,-22466.42578125,-21879.814453125,43777.62890625,43820.06735672701,1173.2214729082916,5.852155090390234e-248,-1.1008825,0.3276924,-0.07520738,0.3139171,-0.03772524,-0.43281233,-0.25086784,-1.2839184,-26.233976364135742
75,5625,-22466.425189579146,-22466.423828125,-21879.775390625,43777.55078125,43819.98923172701,1173.2995979082916,5.6290850050236725e-248,-1.2040801,0.3244599,-0.14264672,0.23167728,0.008282057,-0.45984358,-0.25086725,-1.2839187,-26.230363845825195
100,10000,-22466.425189579146,-22466.423828125,-21890.171875,43798.34375,43840.78220047701,1152.5066291582916,1.747098013139401e-243,-1.0984076,0.31468913,-0.0014420456,0.20272599,-0.0012098473,-0.3920027,-0.25086796,-1.283918,-26.248842239379883
150,22500,-22466.425189579146,-22466.419921875,-21880.39453125,43778.7890625,43821.22751297701,1172.0613166582916,1.0422064252283698e-247,-1.27005,0.3365105,-0.16346861,0.20586202,0.0027027833,-0.4907537,-0.25086772,-1.2839193,-26.22963523864746
200,40000,-22466.425189579146,-22466.427734375,-21887.833984375,43793.66796875,43836.10641922701,1157.1824104082916,1.7070659314324e-244,-1.2190315,0.32967916,-0.09276989,0.20240048,0.0010729431,-0.46825412,-0.25086787,-1.2839187,-26.235185623168945
