Model,k,BT_LogLik,AIC,BIC
HPPP,1,-16454.752149884815,32911.50429976963,32916.21968315596
Constant NN,1,-16454.751953125,32911.50390625,32916.219289636334
Linear IPPP,7,-16145.490234375,32304.98046875,32337.98815245434
Nonlinear IPPP,129,-15517.525390625,31293.05078125,31901.335238087173
