grid_n_per_dim,n_cells,HPPP_BT_LogLik,Constant_BT_LogLik,Linear_BT_LogLik,Linear_AIC,Linear_BIC,LR_Linear_vs_HPPP,LR_p_value,beta_x,beta_y,beta_canopy_median,beta_nc_usgs30m_match_tcc,beta_distance_to_waterbody_m,beta_distance_to_coastline_m,beta_sin_doy,beta_cos_doy,beta_0
50,2500,-16454.752149884815,-16454.75390625,-16135.9130859375,32285.826171875,32318.83385557934,637.6781278946291,1.7329705154069143e-134,-1.0901922,0.3252063,-0.06046502,0.31196094,-0.037862547,-0.42486387,,,-18.56366729736328
75,5625,-16454.752149884815,-16454.751953125,-16136.63671875,32287.2734375,32320.28112120434,636.2308622696291,3.557079156546598e-134,-1.1909198,0.32129684,-0.12130306,0.22815956,0.008845411,-0.45029098,,,-18.564102172851562
100,10000,-16454.752149884815,-16454.751953125,-16145.490234375,32304.98046875,32337.98815245434,618.5238310196291,2.3533584746742725e-130,-1.0821766,0.31200254,0.015269825,0.19640279,0.00031827696,-0.37962094,,,-18.575298309326172
150,22500,-16454.752149884815,-16454.75,-16136.9814453125,32287.962890625,32320.97057432934,635.5414091446291,5.010344369377451e-134,-1.2558242,0.3330158,-0.14462839,0.20535755,0.0020007698,-0.4810012,,,-18.5643367767334
200,40000,-16454.752149884815,-16454.75390625,-16144.71875,32303.4375,32336.44518370434,620.0667997696291,1.0934370189922525e-130,-1.1959122,0.32530582,-0.0684703,0.19604026,0.0020758898,-0.45036322,,,-18.56652069091797
