fold,test_observations,test_area,train_observations,train_area,HPPP_heldout_loglik,Constant_heldout_loglik,Linear_heldout_loglik,Nonlinear_heldout_loglik
0,29,8530108208.2003765,796.0,130859321788.0841,-600.5034195105358,-600.5044250488281,-569.9129638671875,-568.947416305542
1,272,36658846632.60954,553.0,102730583363.67496,-5376.219839267,-5376.22119140625,-5262.531829833984,-5173.204803466797
2,211,42759034801.98901,614.0,96630395194.29549,-4254.1441965153,-4254.145324707031,-4181.409851074219,-4279.568664550781
3,304,38316184019.77257,521.0,101073245976.51193,-5998.849398717096,-5998.84342956543,-6025.002166748047,-6168.925605773926
4,9,13125256333.712997,816.0,126264173662.57149,-254.53886735679944,-254.53457641601562,-264.97596740722656,-222.0567169189453
