fold,test_observations,test_area,train_observations,train_area,HPPP_heldout_loglik,Constant_heldout_loglik,Linear_heldout_loglik,Nonlinear_heldout_loglik
0,29,12462488092180.75,796.0,191185469132390.88,-811.822835451306,-811.8220291137695,-768.7852210998535,-764.895809173584
1,272,53558574930242.55,553.0,150089382294329.1,-7358.25022326319,-7358.251953125,-7153.357086181641,-7166.899307250977
2,211,62470949845705.95,614.0,141177007378865.72,-5791.675119394698,-5791.673858642578,-5629.693298339844,-5776.630676269531
3,304,55979944852887.734,521.0,147668012371683.94,-8214.059827889309,-8214.058349609375,-8121.768081665039,-8194.616394042969
4,9,19175999503554.688,816.0,184471957721016.94,-320.12075506255576,-320.1115188598633,-295.3210754394531,-280.1134910583496
